{
  "scenario": "living-pair.json",
  "handler": "harvestables",
  "messages": [
    {
      "kind": "event",
      "parameters": {
        "0": 3793,
        "1": 2876,
        "2": 639188717421783700,
        "3": {
          "type": "Buffer",
          "data": [
            232,
            125,
            195,
            36,
            41,
            238,
            149,
            75,
            163,
            132,
            117,
            0,
            114,
            48,
            169,
            96
          ]
        },
        "5": 20,
        "6": 396,
        "7": 5,
        "8": [
          27.27132,
          252.83461
        ],
        "9": 38.833866,
        "10": 5,
        "11": 0,
        "252": 40
      }
    }
  ]
}
